"Time of Day","Process Name","PID","Operation","Path","Result","Detail"
"9:11:17.4333820 PM","SearchIndexer.exe","14224","CreateFile","D:\","SUCCESS","Desired Access: Synchronize, Disposition: Open, Options: Directory, Synchronous IO Non-Alert, Attributes: n/a, ShareMode: Read, Write, AllocationSize: n/a, OpenResult: Opened"
"9:11:17.4334037 PM","svchost.exe","14576","CreateFile","D:\","SUCCESS","Desired Access: Synchronize, Disposition: Open, Options: Directory, Synchronous IO Non-Alert, Attributes: n/a, ShareMode: Read, Write, AllocationSize: n/a, OpenResult: Opened"
"9:11:17.4343692 PM","svchost.exe","26384","CreateFile","D:\","SUCCESS","Desired Access: Synchronize, Disposition: Open, Options: Directory, Synchronous IO Non-Alert, Open For Free Space Query, Attributes: n/a, ShareMode: None, AllocationSize: n/a, OpenResult: Opened"
"9:11:17.4344641 PM","SearchIndexer.exe","14224","QueryNameInformationFile","D:\","SUCCESS","Name: \"
"9:11:17.4344779 PM","svchost.exe","14576","QueryNameInformationFile","D:\","SUCCESS","Name: \"
"9:11:17.4345199 PM","svchost.exe","14576","QueryInformationVolume","D:\","SUCCESS","VolumeCreationTime: 1/1/1601 2:00:00 AM, VolumeSerialNumber: 3CE5-D415, SupportsObjects: False, VolumeLabel: "
"9:11:17.4345317 PM","svchost.exe","26384","QueryFullSizeInformationVolume","D:\","SUCCESS","TotalAllocationUnits: 1,048,192, CallerAvailableAllocationUnits: 1,048,185, ActualAvailableAllocationUnits: 1,048,185, SectorsPerAllocationUnit: 64, BytesPerSector: 512"
"9:11:17.4345372 PM","SearchIndexer.exe","14224","QueryInformationVolume","D:\","SUCCESS","VolumeCreationTime: 1/1/1601 2:00:00 AM, VolumeSerialNumber: 3CE5-D415, SupportsObjects: False, VolumeLabel: "
"9:11:17.4345375 PM","svchost.exe","14576","QueryAttributeInformationVolume","D:\","SUCCESS","FileSystemAttributes: Case Preserved, Unicode, EFS, 0x200, MaximumComponentNameLength: 255, FileSystemName: FAT32"
"9:11:17.4345495 PM","svchost.exe","14576","CloseFile","D:\","SUCCESS",""
"9:11:17.4345498 PM","svchost.exe","26384","CloseFile","D:\","SUCCESS",""
"9:11:17.4345758 PM","SearchIndexer.exe","14224","QueryAttributeInformationVolume","D:\","SUCCESS","FileSystemAttributes: Case Preserved, Unicode, EFS, 0x200, MaximumComponentNameLength: 255, FileSystemName: FAT32"
"9:11:17.4345864 PM","SearchIndexer.exe","14224","CloseFile","D:\","SUCCESS",""
"9:11:17.4346238 PM","WUDFHost.exe","26024","CreateFile","D:\DCIM","NAME NOT FOUND","Desired Access: Read Attributes, Disposition: Open, Options: Open Reparse Point, Attributes: n/a, ShareMode: Read, Write, Delete, AllocationSize: n/a"
"9:11:17.4347772 PM","SearchIndexer.exe","14224","RegSetValue","HKLM\SOFTWARE\Microsoft\Windows Search\VolumeInfoCache\D:\DriveType","SUCCESS","Type: REG_DWORD, Length: 4, Data: 3"
"9:11:17.4348214 PM","SearchIndexer.exe","14224","RegSetValue","HKLM\SOFTWARE\Microsoft\Windows Search\VolumeInfoCache\D:\VolumeLabel","SUCCESS","Type: REG_SZ, Length: 2, Data: "
"9:11:17.4352154 PM","SearchIndexer.exe","14224","CreateFile","D:\","SUCCESS","Desired Access: Synchronize, Disposition: Open, Options: Directory, Synchronous IO Non-Alert, Attributes: n/a, ShareMode: Read, Write, AllocationSize: n/a, OpenResult: Opened"
"9:11:17.4352379 PM","SearchIndexer.exe","14224","QueryNameInformationFile","D:\","SUCCESS","Name: \"
"9:11:17.4352544 PM","SearchIndexer.exe","14224","QueryInformationVolume","D:\","SUCCESS","VolumeCreationTime: 1/1/1601 2:00:00 AM, VolumeSerialNumber: 3CE5-D415, SupportsObjects: False, VolumeLabel: "
"9:11:17.4352684 PM","SearchIndexer.exe","14224","QueryAttributeInformationVolume","D:\","SUCCESS","FileSystemAttributes: Case Preserved, Unicode, EFS, 0x200, MaximumComponentNameLength: 255, FileSystemName: FAT32"
"9:11:17.4352812 PM","SearchIndexer.exe","14224","CloseFile","D:\","SUCCESS",""
"9:11:17.4354081 PM","SearchIndexer.exe","14224","RegSetValue","HKLM\SOFTWARE\Microsoft\Windows Search\VolumeInfoCache\D:\DriveType","SUCCESS","Type: REG_DWORD, Length: 4, Data: 3"
"9:11:17.4354325 PM","SearchIndexer.exe","14224","RegSetValue","HKLM\SOFTWARE\Microsoft\Windows Search\VolumeInfoCache\D:\VolumeLabel","SUCCESS","Type: REG_SZ, Length: 2, Data: "
"9:11:17.4355363 PM","svchost.exe","6380","CreateFile","D:\","SUCCESS","Desired Access: Synchronize, Disposition: Open, Options: Directory, Synchronous IO Non-Alert, Attributes: n/a, ShareMode: Read, Write, AllocationSize: n/a, Impersonating: NT AUTHORITY\SYSTEM"
"9:11:17.4355742 PM","svchost.exe","6380","QueryNameInformationFile","D:\","SUCCESS","Name: \"
"9:11:17.4355918 PM","svchost.exe","6380","QueryInformationVolume","D:\","SUCCESS","VolumeCreationTime: 1/1/1601 2:00:00 AM, VolumeSerialNumber: 3CE5-D415, SupportsObjects: False, VolumeLabel: "
"9:11:17.4356061 PM","svchost.exe","6380","QueryAttributeInformationVolume","D:\","SUCCESS","FileSystemAttributes: Case Preserved, Unicode, EFS, 0x200, MaximumComponentNameLength: 255, FileSystemName: FAT32"
"9:11:17.4356195 PM","svchost.exe","6380","CloseFile","D:\","SUCCESS",""
"9:11:17.4356720 PM","svchost.exe","6380","CreateFile","D:\","SUCCESS","Desired Access: Read Attributes, Disposition: Open, Options: Open Reparse Point, Attributes: n/a, ShareMode: Read, Write, Delete, AllocationSize: n/a, Impersonating: NT AUTHORITY\SYSTEM"
"9:11:17.4356891 PM","svchost.exe","6380","QueryBasicInformationFile","D:\","SUCCESS","CreationTime: 1/1/1601 2:00:00 AM, LastAccessTime: 1/1/1601 2:00:00 AM, LastWriteTime: 1/1/1601 2:00:00 AM, ChangeTime: 1/1/1601 2:00:00 AM, FileAttributes: D"
"9:11:17.4357022 PM","svchost.exe","6380","CloseFile","D:\","SUCCESS",""
"9:11:17.4359152 PM","svchost.exe","6380","CreateFile","D:\autorun.inf","NAME NOT FOUND","Desired Access: Read Attributes, Disposition: Open, Options: Open Reparse Point, Attributes: n/a, ShareMode: Read, Write, Delete, AllocationSize: n/a, Impersonating: NT AUTHORITY\SYSTEM"
"9:11:17.4360549 PM","svchost.exe","6380","CreateFile","D:\desktop.ini","NAME NOT FOUND","Desired Access: Read Attributes, Disposition: Open, Options: Open Reparse Point, Attributes: n/a, ShareMode: Read, Write, Delete, AllocationSize: n/a, Impersonating: NT AUTHORITY\SYSTEM"
"9:11:17.4361199 PM","svchost.exe","6380","CreateFile","D:\video_ts\video_ts.ifo","PATH NOT FOUND","Desired Access: Read Attributes, Disposition: Open, Options: Open Reparse Point, Attributes: n/a, ShareMode: Read, Write, Delete, AllocationSize: n/a, Impersonating: NT AUTHORITY\SYSTEM"
"9:11:17.4361901 PM","svchost.exe","6380","CreateFile","D:\dvd_rtav\vr_mangr.ifo","PATH NOT FOUND","Desired Access: Read Attributes, Disposition: Open, Options: Open Reparse Point, Attributes: n/a, ShareMode: Read, Write, Delete, AllocationSize: n/a, Impersonating: NT AUTHORITY\SYSTEM"
"9:11:17.4362744 PM","svchost.exe","6380","CreateFile","D:\audio_ts\audio_ts.ifo","PATH NOT FOUND","Desired Access: Read Attributes, Disposition: Open, Options: Open Reparse Point, Attributes: n/a, ShareMode: Read, Write, Delete, AllocationSize: n/a, Impersonating: NT AUTHORITY\SYSTEM"
"9:11:17.4363469 PM","svchost.exe","6380","CreateFile","D:\VCD\entries.vcd","PATH NOT FOUND","Desired Access: Read Attributes, Disposition: Open, Options: Open Reparse Point, Attributes: n/a, ShareMode: Read, Write, Delete, AllocationSize: n/a, Impersonating: NT AUTHORITY\SYSTEM"
"9:11:17.4364441 PM","svchost.exe","6380","CreateFile","D:\SVCD\entries.svd","PATH NOT FOUND","Desired Access: Read Attributes, Disposition: Open, Options: Open Reparse Point, Attributes: n/a, ShareMode: Read, Write, Delete, AllocationSize: n/a, Impersonating: NT AUTHORITY\SYSTEM"
"9:11:17.4364918 PM","svchost.exe","6380","CreateFile","D:\SVCD\entries.vcd","PATH NOT FOUND","Desired Access: Read Attributes, Disposition: Open, Options: Open Reparse Point, Attributes: n/a, ShareMode: Read, Write, Delete, AllocationSize: n/a, Impersonating: NT AUTHORITY\SYSTEM"
"9:11:17.4367035 PM","svchost.exe","6380","CreateFile","D:\DCIM","NAME NOT FOUND","Desired Access: Read Attributes, Disposition: Open, Options: Open Reparse Point, Attributes: n/a, ShareMode: Read, Write, Delete, AllocationSize: n/a, Impersonating: NT AUTHORITY\SYSTEM"
"9:11:17.4367211 PM","WUDFHost.exe","26024","CreateFile","D:\","SUCCESS","Desired Access: Synchronize, Disposition: Open, Options: Directory, Synchronous IO Non-Alert, Attributes: n/a, ShareMode: Read, Write, AllocationSize: n/a, OpenResult: Opened"
"9:11:17.4367412 PM","WUDFHost.exe","26024","QueryNameInformationFile","D:\","SUCCESS","Name: \"
"9:11:17.4367585 PM","WUDFHost.exe","26024","QueryInformationVolume","D:\","SUCCESS","VolumeCreationTime: 1/1/1601 2:00:00 AM, VolumeSerialNumber: 3CE5-D415, SupportsObjects: False, VolumeLabel: "
"9:11:17.4367695 PM","WUDFHost.exe","26024","CloseFile","D:\","SUCCESS",""
"9:11:17.4369174 PM","svchost.exe","6380","CreateFile","D:\AVCHD","NAME NOT FOUND","Desired Access: Read Attributes, Disposition: Open, Options: Open Reparse Point, Attributes: n/a, ShareMode: Read, Write, Delete, AllocationSize: n/a, Impersonating: NT AUTHORITY\SYSTEM"
"9:11:17.4370313 PM","svchost.exe","6380","CreateFile","D:\PRIVATE\AVCHD","PATH NOT FOUND","Desired Access: Read Attributes, Disposition: Open, Options: Open Reparse Point, Attributes: n/a, ShareMode: Read, Write, Delete, AllocationSize: n/a, Impersonating: NT AUTHORITY\SYSTEM"
"9:11:17.4372546 PM","svchost.exe","6380","CreateFile","D:\BDMV","NAME NOT FOUND","Desired Access: Read Attributes, Disposition: Open, Options: Open Reparse Point, Attributes: n/a, ShareMode: Read, Write, Delete, AllocationSize: n/a, Impersonating: NT AUTHORITY\SYSTEM"
"9:11:17.4374406 PM","svchost.exe","6380","CreateFile","D:\BDAV","NAME NOT FOUND","Desired Access: Read Attributes, Disposition: Open, Options: Open Reparse Point, Attributes: n/a, ShareMode: Read, Write, Delete, AllocationSize: n/a, Impersonating: NT AUTHORITY\SYSTEM"
"9:11:17.4609659 PM","svchost.exe","26384","CreateFile","D:\","SUCCESS","Desired Access: Synchronize, Disposition: Open, Options: Directory, Synchronous IO Non-Alert, Attributes: n/a, ShareMode: Read, Write, AllocationSize: n/a, OpenResult: Opened"
"9:11:17.4610248 PM","svchost.exe","26384","QueryNameInformationFile","D:\","SUCCESS","Name: \"
"9:11:17.4610643 PM","svchost.exe","26384","QueryAttributeInformationVolume","D:\","SUCCESS","FileSystemAttributes: Case Preserved, Unicode, EFS, 0x200, MaximumComponentNameLength: 255, FileSystemName: FAT32"
"9:11:17.4610922 PM","svchost.exe","26384","CloseFile","D:\","SUCCESS",""
"9:11:17.4613868 PM","svchost.exe","26384","CreateFile","D:\System Volume Information\WPSettings.dat","SUCCESS","Desired Access: Read Attributes, Disposition: Open, Options: Open Reparse Point, Attributes: n/a, ShareMode: Read, Write, Delete, AllocationSize: n/a, OpenResult: Opened"
"9:11:17.4614578 PM","svchost.exe","26384","QueryBasicInformationFile","D:\System Volume Information\WPSettings.dat","SUCCESS","CreationTime: 9/12/2026 7:26:53 PM, LastAccessTime: 9/12/2026 12:00:00 AM, LastWriteTime: 9/12/2026 7:26:54 PM, ChangeTime: 1/1/1601 2:00:00 AM, FileAttributes: A"
"9:11:17.4614741 PM","svchost.exe","26384","CloseFile","D:\System Volume Information\WPSettings.dat","SUCCESS",""
"9:11:17.4616009 PM","svchost.exe","26384","CreateFile","D:\System Volume Information\WPSettings.dat","SUCCESS","Desired Access: Generic Read, Disposition: Open, Options: Synchronous IO Non-Alert, Non-Directory File, Attributes: n/a, ShareMode: Read, AllocationSize: n/a, OpenResult: Opened"
"9:11:17.4616958 PM","svchost.exe","26384","FileSystemControl","D:\System Volume Information\WPSettings.dat","INVALID DEVICE REQUEST","Control: 0x90390 (Device:0x9 Function:228 Method: 0)"
"9:11:17.4617196 PM","svchost.exe","26384","QueryBasicInformationFile","D:\System Volume Information\WPSettings.dat","SUCCESS","CreationTime: 9/12/2026 7:26:53 PM, LastAccessTime: 9/12/2026 12:00:00 AM, LastWriteTime: 9/12/2026 7:26:54 PM, ChangeTime: 1/1/1601 2:00:00 AM, FileAttributes: A"
"9:11:17.4617440 PM","svchost.exe","26384","FileSystemControl","D:\System Volume Information\WPSettings.dat","INVALID DEVICE REQUEST","Control: 0x90390 (Device:0x9 Function:228 Method: 0)"
"9:11:17.4617566 PM","svchost.exe","26384","QueryAttributeInformationVolume","D:\System Volume Information\WPSettings.dat","SUCCESS","FileSystemAttributes: Case Preserved, Unicode, EFS, 0x200, MaximumComponentNameLength: 255, FileSystemName: FAT32"
"9:11:17.4686701 PM","svchost.exe","26384","QueryStandardInformationFile","D:\System Volume Information\WPSettings.dat","SUCCESS","AllocationSize: 32,768, EndOfFile: 12, NumberOfLinks: 1, DeletePending: False, Directory: False"
"9:11:17.4686914 PM","svchost.exe","26384","ReadFile","D:\System Volume Information\WPSettings.dat","SUCCESS","Offset: 0, Length: 12, Priority: Normal"
"9:11:17.4687402 PM","svchost.exe","26384","ReadFile","D:\System Volume Information\WPSettings.dat","SUCCESS","Offset: 0, Length: 12, I/O Flags: Non-cached, Paging I/O, Priority: Normal"
"9:11:17.4726482 PM","Explorer.EXE","9848","CreateFile","D:\autorun.inf","NAME NOT FOUND","Desired Access: Read Attributes, Disposition: Open, Options: Open Reparse Point, Attributes: n/a, ShareMode: Read, Write, Delete, AllocationSize: n/a"
"9:11:17.4727377 PM","Explorer.EXE","9848","CreateFile","D:\autorun.inf","NAME NOT FOUND","Desired Access: Generic Read, Disposition: Open, Options: Synchronous IO Non-Alert, Non-Directory File, Attributes: n/a, ShareMode: Read, Write, Delete, AllocationSize: n/a"
"9:11:17.4730377 PM","Explorer.EXE","9848","CreateFile","D:\autorun.inf","NAME NOT FOUND","Desired Access: Read Attributes, Disposition: Open, Options: Open Reparse Point, Attributes: n/a, ShareMode: Read, Write, Delete, AllocationSize: n/a"
"9:11:17.4732185 PM","Explorer.EXE","9848","CreateFile","D:\autorun.inf","NAME NOT FOUND","Desired Access: Generic Read, Disposition: Open, Options: Synchronous IO Non-Alert, Non-Directory File, Attributes: n/a, ShareMode: Read, Write, Delete, AllocationSize: n/a"
"9:11:17.4768343 PM","Explorer.EXE","9848","CreateFile","D:\","SUCCESS","Desired Access: Read Attributes, Disposition: Open, Options: Open Reparse Point, Attributes: n/a, ShareMode: Read, Write, Delete, AllocationSize: n/a, OpenResult: Opened"
"9:11:17.4768548 PM","Explorer.EXE","9848","QueryBasicInformationFile","D:\","SUCCESS","CreationTime: 1/1/1601 2:00:00 AM, LastAccessTime: 1/1/1601 2:00:00 AM, LastWriteTime: 1/1/1601 2:00:00 AM, ChangeTime: 1/1/1601 2:00:00 AM, FileAttributes: D"
"9:11:17.4768634 PM","Explorer.EXE","9848","CloseFile","D:\","SUCCESS",""
"9:11:17.4770609 PM","Explorer.EXE","9848","CreateFile","D:\","SUCCESS","Desired Access: Read Attributes, Disposition: Open, Options: Open Reparse Point, Attributes: n/a, ShareMode: Read, Write, Delete, AllocationSize: n/a, OpenResult: Opened"
"9:11:17.4770771 PM","Explorer.EXE","9848","QueryBasicInformationFile","D:\","SUCCESS","CreationTime: 1/1/1601 2:00:00 AM, LastAccessTime: 1/1/1601 2:00:00 AM, LastWriteTime: 1/1/1601 2:00:00 AM, ChangeTime: 1/1/1601 2:00:00 AM, FileAttributes: D"
"9:11:17.4770867 PM","Explorer.EXE","9848","CloseFile","D:\","SUCCESS",""
"9:11:17.4772718 PM","svchost.exe","26384","CreateFile","D:\","SUCCESS","Desired Access: Synchronize, Disposition: Open, Options: Directory, Synchronous IO Non-Alert, Attributes: n/a, ShareMode: Read, Write, AllocationSize: n/a, OpenResult: Opened"
"9:11:17.4773075 PM","svchost.exe","26384","QueryNameInformationFile","D:\","SUCCESS","Name: \"
"9:11:17.4773266 PM","svchost.exe","26384","QueryInformationVolume","D:\","SUCCESS","VolumeCreationTime: 1/1/1601 2:00:00 AM, VolumeSerialNumber: 3CE5-D415, SupportsObjects: False, VolumeLabel: "
"9:11:17.4773440 PM","svchost.exe","26384","CloseFile","D:\","SUCCESS",""
"9:11:17.4773830 PM","svchost.exe","26384","CloseFile","D:\System Volume Information\WPSettings.dat","SUCCESS",""
"9:11:17.4776719 PM","svchost.exe","26384","CreateFile","D:\System Volume Information\WPAppSettings.dat","NAME NOT FOUND","Desired Access: Read Attributes, Disposition: Open, Options: Open Reparse Point, Attributes: n/a, ShareMode: Read, Write, Delete, AllocationSize: n/a"
"9:11:17.4779449 PM","svchost.exe","26384","CreateFile","D:\","SUCCESS","Desired Access: Synchronize, Disposition: Open, Options: Directory, Synchronous IO Non-Alert, Attributes: n/a, ShareMode: Read, Write, AllocationSize: n/a, OpenResult: Opened"
"9:11:17.4779805 PM","svchost.exe","26384","QueryNameInformationFile","D:\","SUCCESS","Name: \"
"9:11:17.4780460 PM","svchost.exe","26384","QueryAttributeInformationVolume","D:\","SUCCESS","FileSystemAttributes: Case Preserved, Unicode, EFS, 0x200, MaximumComponentNameLength: 255, FileSystemName: FAT32"
"9:11:17.4780739 PM","svchost.exe","26384","CloseFile","D:\","SUCCESS",""
"9:11:17.4883550 PM","Explorer.EXE","9848","CreateFile","D:\AutoRun.inf","NAME NOT FOUND","Desired Access: Read Attributes, Disposition: Open, Options: Open Reparse Point, Attributes: n/a, ShareMode: Read, Write, Delete, AllocationSize: n/a"
"9:11:17.4884610 PM","Explorer.EXE","9848","CreateFile","D:\AutoRun.inf","NAME NOT FOUND","Desired Access: Read Attributes, Disposition: Open, Options: Open Reparse Point, Attributes: n/a, ShareMode: Read, Write, Delete, AllocationSize: n/a"
"9:11:17.5748725 PM","Explorer.EXE","9848","CreateFile","D:\","SUCCESS","Desired Access: Read Attributes, Disposition: Open, Options: Open Reparse Point, Attributes: n/a, ShareMode: Read, Write, Delete, AllocationSize: n/a, OpenResult: Opened"
"9:11:17.5748977 PM","Explorer.EXE","9848","QueryBasicInformationFile","D:\","SUCCESS","CreationTime: 1/1/1601 2:00:00 AM, LastAccessTime: 1/1/1601 2:00:00 AM, LastWriteTime: 1/1/1601 2:00:00 AM, ChangeTime: 1/1/1601 2:00:00 AM, FileAttributes: D"
"9:11:17.5749089 PM","Explorer.EXE","9848","CloseFile","D:\","SUCCESS",""
"9:11:17.5751264 PM","Explorer.EXE","9848","CreateFile","D:\","SUCCESS","Desired Access: Read Attributes, Disposition: Open, Options: Open Reparse Point, Attributes: n/a, ShareMode: Read, Write, Delete, AllocationSize: n/a, OpenResult: Opened"
"9:11:17.5751459 PM","Explorer.EXE","9848","QueryBasicInformationFile","D:\","SUCCESS","CreationTime: 1/1/1601 2:00:00 AM, LastAccessTime: 1/1/1601 2:00:00 AM, LastWriteTime: 1/1/1601 2:00:00 AM, ChangeTime: 1/1/1601 2:00:00 AM, FileAttributes: D"
"9:11:17.5751702 PM","Explorer.EXE","9848","CloseFile","D:\","SUCCESS",""
"9:11:17.6453890 PM","SearchIndexer.exe","14224","CreateFile","D:\System Volume Information","SUCCESS","Desired Access: Read Control, Write DAC, Write Owner, Synchronize, Disposition: OpenIf, Options: Directory, Synchronous IO Non-Alert, Attributes: HS, ShareMode: Read, Write, Delete, AllocationSize: 0, OpenResult: Opened"
"9:11:17.6454281 PM","SearchIndexer.exe","14224","QuerySecurityFile","D:\System Volume Information","INVALID DEVICE REQUEST","Information: Owner, DACL"
"9:11:17.6454439 PM","SearchIndexer.exe","14224","QuerySecurityFile","D:\System Volume Information","INVALID DEVICE REQUEST","Information: Owner, DACL"
"9:11:17.6454611 PM","SearchIndexer.exe","14224","SetSecurityFile","D:\System Volume Information","INVALID DEVICE REQUEST","Information: Owner, DACL"
"9:11:17.6454762 PM","SearchIndexer.exe","14224","CloseFile","D:\System Volume Information","SUCCESS",""
"9:11:17.6456785 PM","SearchIndexer.exe","14224","CreateFile","D:\System Volume Information\IndexerVolumeGuid","SUCCESS","Desired Access: Read Attributes, Disposition: Open, Options: Open Reparse Point, Attributes: n/a, ShareMode: Read, Write, Delete, AllocationSize: n/a, OpenResult: Opened"
"9:11:17.6457201 PM","SearchIndexer.exe","14224","QueryBasicInformationFile","D:\System Volume Information\IndexerVolumeGuid","SUCCESS","CreationTime: 9/12/2026 7:26:54 PM, LastAccessTime: 9/12/2026 12:00:00 AM, LastWriteTime: 9/12/2026 7:26:56 PM, ChangeTime: 1/1/1601 2:00:00 AM, FileAttributes: A"
"9:11:17.6457340 PM","SearchIndexer.exe","14224","CloseFile","D:\System Volume Information\IndexerVolumeGuid","SUCCESS",""
"9:11:17.6458382 PM","SearchIndexer.exe","14224","CreateFile","D:\System Volume Information\IndexerVolumeGuid","SUCCESS","Desired Access: Generic Read, Disposition: Open, Options: Synchronous IO Non-Alert, Non-Directory File, Attributes: N, ShareMode: None, AllocationSize: n/a, OpenResult: Opened"
"9:11:17.6459145 PM","SearchIndexer.exe","14224","QueryNameInformationFile","D:\System Volume Information\IndexerVolumeGuid","SUCCESS","Name: \System Volume Information\IndexerVolumeGuid"
"9:11:17.6459411 PM","SearchIndexer.exe","14224","QueryNameInformationFile","D:\System Volume Information\IndexerVolumeGuid","SUCCESS","Name: \System Volume Information\IndexerVolumeGuid"
"9:11:17.6460324 PM","SearchIndexer.exe","14224","QueryNormalizedNameInformationFile","D:\System Volume Information\IndexerVolumeGuid","SUCCESS",""
"9:11:17.6462475 PM","SearchIndexer.exe","14224","ReadFile","D:\System Volume Information\IndexerVolumeGuid","SUCCESS","Offset: 0, Length: 76, Priority: Normal"
"9:11:17.6463020 PM","SearchIndexer.exe","14224","ReadFile","D:\System Volume Information\IndexerVolumeGuid","SUCCESS","Offset: 0, Length: 76, I/O Flags: Non-cached, Paging I/O, Priority: Normal"
"9:11:17.6469008 PM","SearchIndexer.exe","14224","CloseFile","D:\System Volume Information\IndexerVolumeGuid","SUCCESS",""
"9:11:17.7264676 PM","Explorer.EXE","9848","CreateFile","D:\","SUCCESS","Desired Access: Read Attributes, Disposition: Open, Options: Open Reparse Point, Attributes: n/a, ShareMode: Read, Write, Delete, AllocationSize: n/a, OpenResult: Opened"
"9:11:17.7264941 PM","Explorer.EXE","9848","QueryBasicInformationFile","D:\","SUCCESS","CreationTime: 1/1/1601 2:00:00 AM, LastAccessTime: 1/1/1601 2:00:00 AM, LastWriteTime: 1/1/1601 2:00:00 AM, ChangeTime: 1/1/1601 2:00:00 AM, FileAttributes: D"
"9:11:17.7265070 PM","Explorer.EXE","9848","CloseFile","D:\","SUCCESS",""
"9:11:17.7267428 PM","Explorer.EXE","9848","CreateFile","D:\","SUCCESS","Desired Access: Read Attributes, Disposition: Open, Options: Open Reparse Point, Attributes: n/a, ShareMode: Read, Write, Delete, AllocationSize: n/a, OpenResult: Opened"
"9:11:17.7267630 PM","Explorer.EXE","9848","QueryBasicInformationFile","D:\","SUCCESS","CreationTime: 1/1/1601 2:00:00 AM, LastAccessTime: 1/1/1601 2:00:00 AM, LastWriteTime: 1/1/1601 2:00:00 AM, ChangeTime: 1/1/1601 2:00:00 AM, FileAttributes: D"
"9:11:17.7267761 PM","Explorer.EXE","9848","CloseFile","D:\","SUCCESS",""
"9:11:17.7276909 PM","Explorer.EXE","9848","CreateFile","D:\","SUCCESS","Desired Access: Read Data/List Directory, Read Attributes, Synchronize, Disposition: Open, Options: , Attributes: n/a, ShareMode: Read, Write, Delete, AllocationSize: n/a, OpenResult: Opened"
"9:11:17.7277185 PM","Explorer.EXE","9848","QueryBasicInformationFile","D:\","SUCCESS","CreationTime: 1/1/1980 12:00:00 AM, LastAccessTime: 1/1/1980 12:00:00 AM, LastWriteTime: 1/1/1980 12:00:00 AM, ChangeTime: 1/1/1601 2:00:00 AM, FileAttributes: D"
"9:11:17.7277318 PM","Explorer.EXE","9848","NotifyChangeDirectory","D:\","","Filter: FILE_NOTIFY_CHANGE_DIR_NAME"
"9:11:17.7279140 PM","Explorer.EXE","9848","QueryDeviceRelations","D:\","SUCCESS",""
"9:11:17.7279856 PM","Explorer.EXE","9848","CreateFile","D:\","SUCCESS","Desired Access: Read Data/List Directory, Read Attributes, Synchronize, Disposition: Open, Options: , Attributes: n/a, ShareMode: Read, Write, Delete, AllocationSize: n/a, OpenResult: Opened"
"9:11:17.7280141 PM","Explorer.EXE","9848","QueryBasicInformationFile","D:\","SUCCESS","CreationTime: 1/1/1980 12:00:00 AM, LastAccessTime: 1/1/1980 12:00:00 AM, LastWriteTime: 1/1/1980 12:00:00 AM, ChangeTime: 1/1/1601 2:00:00 AM, FileAttributes: D"
"9:11:17.7280261 PM","Explorer.EXE","9848","NotifyChangeDirectory","D:\","","Filter: FILE_NOTIFY_CHANGE_FILE_NAME, FILE_NOTIFY_CHANGE_ATTRIBUTES, FILE_NOTIFY_CHANGE_LAST_WRITE"
"9:11:17.7281414 PM","Explorer.EXE","9848","QueryDeviceRelations","D:\","SUCCESS",""
"9:11:17.7484240 PM","Explorer.EXE","9848","CreateFile","D:\desktop.ini","NAME NOT FOUND","Desired Access: Read Attributes, Disposition: Open, Options: Open Reparse Point, Attributes: n/a, ShareMode: Read, Write, Delete, AllocationSize: n/a"
"9:11:17.7485026 PM","Explorer.EXE","9848","CreateFile","D:\desktop.ini","NAME NOT FOUND","Desired Access: Read Attributes, Read Control, Synchronize, Disposition: Open, Options: Synchronous IO Non-Alert, Non-Directory File, Disallow Exclusive, Attributes: n/a, ShareMode: Read, Write, AllocationSize: n/a"
"9:11:17.7485925 PM","Explorer.EXE","9848","CreateFile","D:\desktop.ini","NAME NOT FOUND","Desired Access: Read Attributes, Disposition: Open, Options: Open Reparse Point, Attributes: n/a, ShareMode: Read, Write, Delete, AllocationSize: n/a"
"9:11:17.7486793 PM","Explorer.EXE","9848","CreateFile","D:\desktop.ini","NAME NOT FOUND","Desired Access: Generic Read, Disposition: Open, Options: Sequential Access, Synchronous IO Non-Alert, Non-Directory File, Attributes: n/a, ShareMode: Read, Write, Delete, AllocationSize: n/a"
"9:11:17.7487534 PM","Explorer.EXE","9848","CreateFile","D:\","SUCCESS","Desired Access: Read Data/List Directory, Read Attributes, Synchronize, Disposition: Open, Options: Synchronous IO Non-Alert, Attributes: n/a, ShareMode: Read, Write, Delete, AllocationSize: n/a, OpenResult: Opened"
"9:11:17.7487718 PM","Explorer.EXE","9848","QueryRemoteProtocolInformation","D:\","INVALID PARAMETER",""
"9:11:17.7487930 PM","Explorer.EXE","9848","QueryDirectory","D:\","SUCCESS","FileInformationClass: FileIdBothDirectoryInformation, 1: System Volume Information, 2: confidential-memo.pdf, 3: hr-record.pdf, 4: test-document.txt"
"9:11:17.7489038 PM","Explorer.EXE","9848","QueryDirectory","D:\","NO MORE FILES","FileInformationClass: FileIdBothDirectoryInformation"
"9:11:17.7489175 PM","Explorer.EXE","9848","CloseFile","D:\","SUCCESS",""
"9:11:17.9263099 PM","Explorer.EXE","9848","CreateFile","D:\","SUCCESS","Desired Access: Read Attributes, Disposition: Open, Options: Open Reparse Point, Attributes: n/a, ShareMode: Read, Write, Delete, AllocationSize: n/a, OpenResult: Opened"
"9:11:17.9263481 PM","Explorer.EXE","9848","QueryBasicInformationFile","D:\","SUCCESS","CreationTime: 1/1/1601 2:00:00 AM, LastAccessTime: 1/1/1601 2:00:00 AM, LastWriteTime: 1/1/1601 2:00:00 AM, ChangeTime: 1/1/1601 2:00:00 AM, FileAttributes: D"
"9:11:17.9263829 PM","Explorer.EXE","9848","CloseFile","D:\","SUCCESS",""
"9:11:17.9267746 PM","Explorer.EXE","9848","CreateFile","D:\","SUCCESS","Desired Access: Read Attributes, Disposition: Open, Options: Open Reparse Point, Attributes: n/a, ShareMode: Read, Write, Delete, AllocationSize: n/a, OpenResult: Opened"
"9:11:17.9267979 PM","Explorer.EXE","9848","QueryBasicInformationFile","D:\","SUCCESS","CreationTime: 1/1/1601 2:00:00 AM, LastAccessTime: 1/1/1601 2:00:00 AM, LastWriteTime: 1/1/1601 2:00:00 AM, ChangeTime: 1/1/1601 2:00:00 AM, FileAttributes: D"
"9:11:17.9268168 PM","Explorer.EXE","9848","CloseFile","D:\","SUCCESS",""
"9:11:17.9282404 PM","Explorer.EXE","9848","CreateFile","D:\","SUCCESS","Desired Access: Read Data/List Directory, Read Attributes, Synchronize, Disposition: Open, Options: Synchronous IO Non-Alert, Attributes: n/a, ShareMode: Read, Write, Delete, AllocationSize: n/a, OpenResult: Opened"
"9:11:17.9282986 PM","Explorer.EXE","9848","QueryRemoteProtocolInformation","D:\","INVALID PARAMETER",""
"9:11:17.9283090 PM","Explorer.EXE","9848","QueryDirectory","D:\","SUCCESS","FileInformationClass: FileIdBothDirectoryInformation, 1: System Volume Information, 2: confidential-memo.pdf, 3: hr-record.pdf, 4: test-document.txt"
"9:11:17.9291550 PM","Explorer.EXE","9848","QueryDirectory","D:\","NO MORE FILES","FileInformationClass: FileIdBothDirectoryInformation"
"9:11:17.9295261 PM","Explorer.EXE","9848","CloseFile","D:\","SUCCESS",""
"9:11:18.2174756 PM","Explorer.EXE","9848","CreateFile","D:\","SUCCESS","Desired Access: Read Attributes, Disposition: Open, Options: Open Reparse Point, Attributes: n/a, ShareMode: Read, Write, Delete, AllocationSize: n/a, OpenResult: Opened"
"9:11:18.2174983 PM","Explorer.EXE","9848","QueryBasicInformationFile","D:\","SUCCESS","CreationTime: 1/1/1601 2:00:00 AM, LastAccessTime: 1/1/1601 2:00:00 AM, LastWriteTime: 1/1/1601 2:00:00 AM, ChangeTime: 1/1/1601 2:00:00 AM, FileAttributes: D"
"9:11:18.2175072 PM","Explorer.EXE","9848","CloseFile","D:\","SUCCESS",""
"9:11:18.9992219 PM","Explorer.EXE","9848","CreateFile","D:\","SUCCESS","Desired Access: Read Attributes, Disposition: Open, Options: Open Reparse Point, Attributes: n/a, ShareMode: Read, Write, Delete, AllocationSize: n/a, OpenResult: Opened"
"9:11:18.9992478 PM","Explorer.EXE","9848","QueryBasicInformationFile","D:\","SUCCESS","CreationTime: 1/1/1601 2:00:00 AM, LastAccessTime: 1/1/1601 2:00:00 AM, LastWriteTime: 1/1/1601 2:00:00 AM, ChangeTime: 1/1/1601 2:00:00 AM, FileAttributes: D"
"9:11:18.9992580 PM","Explorer.EXE","9848","CloseFile","D:\","SUCCESS",""
"9:11:18.9994472 PM","Explorer.EXE","9848","CreateFile","D:\","SUCCESS","Desired Access: Read Attributes, Disposition: Open, Options: Open Reparse Point, Attributes: n/a, ShareMode: Read, Write, Delete, AllocationSize: n/a, OpenResult: Opened"
"9:11:18.9994666 PM","Explorer.EXE","9848","QueryBasicInformationFile","D:\","SUCCESS","CreationTime: 1/1/1601 2:00:00 AM, LastAccessTime: 1/1/1601 2:00:00 AM, LastWriteTime: 1/1/1601 2:00:00 AM, ChangeTime: 1/1/1601 2:00:00 AM, FileAttributes: D"
"9:11:18.9994760 PM","Explorer.EXE","9848","CloseFile","D:\","SUCCESS",""
